data,indicador_buffett_pct,valor_mercado_b3_rs_milhoes,pib_12m_rs_milhoes,procedencia,fonte
2000-01-31,36.60,402343.10,1099350.8,oficial,BCB SGS 7849
2000-02-29,37.79,419486.60,1110192.1,oficial,BCB SGS 7849
2000-03-31,38.44,428205.20,1113969.4,oficial,BCB SGS 7849
2000-04-28,34.23,382504.80,1117606.6,oficial,BCB SGS 7849
2000-05-31,32.86,370350.70,1127110.5,oficial,BCB SGS 7849
2000-06-30,36.48,415153.40,1138049.0,oficial,BCB SGS 7849
2000-07-31,37.78,434567.60,1150228.9,oficial,BCB SGS 7849
2000-08-31,39.50,459446.60,1163123.4,oficial,BCB SGS 7849
2000-09-29,37.79,443252.90,1172819.2,oficial,BCB SGS 7849
2000-10-31,36.28,429541.50,1183898.0,oficial,BCB SGS 7849
2000-11-30,34.28,408576.60,1192012.9,oficial,BCB SGS 7849
2000-12-28,36.78,440997.30,1199092.1,oficial,BCB SGS 7849
2001-01-31,40.88,494246.70,1209046.1,oficial,BCB SGS 7849
2001-02-28,38.36,467577.50,1218911.0,oficial,BCB SGS 7849
2001-03-30,35.92,443510.70,1234635.0,oficial,BCB SGS 7849
2001-04-30,36.41,455470.20,1250830.7,oficial,BCB SGS 7849
2001-05-31,36.20,457285.90,1263306.0,oficial,BCB SGS 7849
2001-06-29,35.42,448214.90,1265570.0,oficial,BCB SGS 7849
2001-07-31,34.38,437600.90,1272918.6,oficial,BCB SGS 7849
2001-08-31,33.16,424778.80,1280805.4,oficial,BCB SGS 7849
2001-09-28,29.59,381474.50,1289198.6,oficial,BCB SGS 7849
2001-10-31,30.87,400781.40,1298386.5,oficial,BCB SGS 7849
2001-11-30,32.02,418996.40,1308590.4,oficial,BCB SGS 7849
2001-12-28,32.70,430302.40,1315755.5,oficial,BCB SGS 7849
2002-01-31,31.69,420076.70,1325599.6,oficial,BCB SGS 7849
2002-02-28,34.29,457978.10,1335441.4,oficial,BCB SGS 7849
2002-03-28,33.32,448353.10,1345582.3,oficial,BCB SGS 7849
2002-04-30,32.93,447296.20,1358396.3,oficial,BCB SGS 7849
2002-05-31,32.43,444549.40,1370746.6,oficial,BCB SGS 7849
2002-06-28,29.72,412946.00,1389221.6,oficial,BCB SGS 7849
2002-07-31,27.57,387459.00,1405319.2,oficial,BCB SGS 7849
2002-08-30,28.11,399233.00,1420054.7,oficial,BCB SGS 7849
2002-09-30,25.69,369089.00,1436491.7,oficial,BCB SGS 7849
2002-10-31,28.61,415794.00,1453478.1,oficial,BCB SGS 7849
2002-11-29,28.54,419971.00,1471562.8,oficial,BCB SGS 7849
2002-12-30,29.44,438278.00,1488787.3,oficial,BCB SGS 7849
2003-01-31,28.31,425270.00,1502126.1,oficial,BCB SGS 7849
2003-02-28,27.23,414382.00,1522026.7,oficial,BCB SGS 7849
2003-03-31,27.60,426016.00,1543732.2,oficial,BCB SGS 7849
2003-04-30,28.73,449432.00,1564347.5,oficial,BCB SGS 7849
2003-05-30,29.44,465414.00,1580851.9,oficial,BCB SGS 7849
2003-06-30,28.62,456607.00,1595356.7,oficial,BCB SGS 7849
2003-07-31,29.54,476506.00,1613127.2,oficial,BCB SGS 7849
2003-08-29,31.44,512295.00,1629693.6,oficial,BCB SGS 7849
2003-09-30,31.67,524122.00,1654912.0,oficial,BCB SGS 7849
2003-10-31,33.28,559100.00,1680134.1,oficial,BCB SGS 7849
2003-11-28,35.23,598483.00,1698932.4,oficial,BCB SGS 7849
2003-12-30,39.39,676705.00,1717950.4,oficial,BCB SGS 7849
2004-01-30,38.51,667959.00,1734691.7,oficial,BCB SGS 7849
2004-02-27,38.91,678994.00,1744968.7,oficial,BCB SGS 7849
2004-03-31,38.97,688015.00,1765492.2,oficial,BCB SGS 7849
2004-04-30,34.74,619554.00,1783604.9,oficial,BCB SGS 7849
2004-05-31,34.68,625518.00,1803660.1,oficial,BCB SGS 7849
2004-06-30,36.51,667512.00,1828299.9,oficial,BCB SGS 7849
2004-07-30,38.01,703977.00,1851889.2,oficial,BCB SGS 7849
2004-08-31,39.73,745257.00,1875591.2,oficial,BCB SGS 7849
2004-09-30,41.78,791442.00,1894202.4,oficial,BCB SGS 7849
2004-10-29,41.88,800063.00,1910245.3,oficial,BCB SGS 7849
2004-11-30,43.88,848326.00,1933492.4,oficial,BCB SGS 7849
2004-12-30,46.22,904942.00,1957751.2,oficial,BCB SGS 7849
2005-01-31,44.07,871281.00,1976942.8,oficial,BCB SGS 7849
2005-02-28,48.86,974950.00,1995254.9,oficial,BCB SGS 7849
2005-03-31,46.24,930667.00,2012678.1,oficial,BCB SGS 7849
2005-04-29,41.71,847265.00,2031482.3,oficial,BCB SGS 7849
2005-05-31,41.67,853986.00,2049499.7,oficial,BCB SGS 7849
2005-06-30,41.73,862252.00,2066440.5,oficial,BCB SGS 7849
2005-07-29,42.81,890442.00,2079897.4,oficial,BCB SGS 7849
2005-08-31,45.30,950572.00,2098541.7,oficial,BCB SGS 7849
2005-09-30,49.71,1050957.00,2114047.4,oficial,BCB SGS 7849
2005-10-31,47.56,1014174.00,2132605.2,oficial,BCB SGS 7849
2005-11-30,49.95,1074430.00,2151013.0,oficial,BCB SGS 7849
2005-12-29,51.99,1128491.00,2170584.5,oficial,BCB SGS 7849
2006-01-31,58.98,1292041.00,2190645.6,oficial,BCB SGS 7849
2006-02-24,58.80,1298144.00,2207667.4,oficial,BCB SGS 7849
2006-03-31,57.76,1285339.00,2225144.6,oficial,BCB SGS 7849
2006-04-28,61.19,1368013.00,2235812.3,oficial,BCB SGS 7849
2006-05-31,57.57,1299115.00,2256414.4,oficial,BCB SGS 7849
2006-06-30,56.50,1283545.00,2271564.0,oficial,BCB SGS 7849
2006-07-31,55.45,1271666.00,2293379.4,oficial,BCB SGS 7849
2006-08-31,54.76,1268012.00,2315466.5,oficial,BCB SGS 7849
2006-09-29,54.32,1269109.00,2336552.6,oficial,BCB SGS 7849
2006-10-31,57.25,1352613.00,2362639.4,oficial,BCB SGS 7849
2006-11-30,61.06,1457519.00,2387201.1,oficial,BCB SGS 7849
2006-12-28,64.12,1544949.00,2409449.9,oficial,BCB SGS 7849
2007-01-31,65.01,1582571.00,2434404.5,oficial,BCB SGS 7849
2007-02-28,63.59,1563762.00,2458968.1,oficial,BCB SGS 7849
2007-03-30,65.55,1630037.00,2486602.5,oficial,BCB SGS 7849
2007-04-30,69.53,1750158.00,2516947.8,oficial,BCB SGS 7849
2007-05-31,74.63,1899887.00,2545751.6,oficial,BCB SGS 7849
2007-06-29,76.53,1970814.00,2575280.3,oficial,BCB SGS 7849
2007-07-31,81.51,2121357.00,2602708.0,oficial,BCB SGS 7849
2007-08-31,82.80,2175885.00,2627813.4,oficial,BCB SGS 7849
2007-09-28,85.56,2266685.00,2649278.5,oficial,BCB SGS 7849
2007-10-31,93.53,2502915.00,2675931.5,oficial,BCB SGS 7849
2007-11-30,89.75,2421785.00,2698219.1,oficial,BCB SGS 7849
2007-12-28,91.08,2477555.00,2720262.9,oficial,BCB SGS 7849
2008-01-31,82.89,2276534.00,2746425.4,oficial,BCB SGS 7849
2008-02-29,87.02,2416328.00,2776855.5,oficial,BCB SGS 7849
2008-03-31,81.14,2272718.00,2800895.2,oficial,BCB SGS 7849
2008-04-30,86.56,2454077.00,2835158.4,oficial,BCB SGS 7849
2008-05-30,90.00,2577119.00,2863370.4,oficial,BCB SGS 7849
2008-06-30,82.96,2405650.00,2899765.6,oficial,BCB SGS 7849
2008-07-31,72.74,2138586.00,2940139.7,oficial,BCB SGS 7849
2008-08-29,67.01,1993444.00,2974780.7,oficial,BCB SGS 7849
2008-09-30,59.18,1787660.00,3020522.3,oficial,BCB SGS 7849
2008-10-31,44.99,1376455.00,3059748.0,oficial,BCB SGS 7849
2008-11-28,43.86,1354710.00,3088599.6,oficial,BCB SGS 7849
2008-12-30,44.22,1375272.00,3109803.1,oficial,BCB SGS 7849
2009-01-30,45.59,1423140.00,3121762.4,oficial,BCB SGS 7849
2009-02-27,45.25,1417412.00,3132277.1,oficial,BCB SGS 7849
2009-03-31,47.11,1485715.00,3153874.9,oficial,BCB SGS 7849
2009-04-30,52.42,1658651.00,3164115.4,oficial,BCB SGS 7849
2009-05-29,57.13,1815134.00,3177102.5,oficial,BCB SGS 7849
2009-06-30,56.08,1787829.00,3187927.3,oficial,BCB SGS 7849
2009-07-31,59.33,1897298.00,3198090.6,oficial,BCB SGS 7849
2009-08-31,60.21,1933939.00,3212059.3,oficial,BCB SGS 7849
2009-09-30,64.85,2093356.00,3228167.9,oficial,BCB SGS 7849
2009-10-30,64.89,2110636.00,3252395.5,oficial,BCB SGS 7849
2009-11-30,69.06,2270685.00,3288218.2,oficial,BCB SGS 7849
2009-12-30,70.05,2334720.00,3333039.4,oficial,BCB SGS 7849
2010-01-29,68.20,2300076.00,3372643.0,oficial,BCB SGS 7849
2010-02-26,66.48,2269439.00,3413501.1,oficial,BCB SGS 7849
2010-03-31,68.03,2356003.00,3463309.7,oficial,BCB SGS 7849
2010-04-30,64.79,2275071.00,3511523.9,oficial,BCB SGS 7849
2010-05-31,60.13,2140040.00,3558736.7,oficial,BCB SGS 7849
2010-06-30,57.66,2077932.00,3603877.2,oficial,BCB SGS 7849
2010-07-30,62.81,2293412.00,3651316.1,oficial,BCB SGS 7849
2010-08-31,60.66,2245192.00,3701177.9,oficial,BCB SGS 7849
2010-09-30,66.39,2488889.00,3748968.7,oficial,BCB SGS 7849
2010-10-29,67.40,2554904.00,3790766.0,oficial,BCB SGS 7849
2010-11-30,64.89,2492515.00,3841254.3,oficial,BCB SGS 7849
2010-12-30,66.12,2569407.00,3885847.0,oficial,BCB SGS 7849
2011-01-31,62.99,2475004.00,3929051.6,oficial,BCB SGS 7849
2011-02-28,64.14,2551579.00,3978013.1,oficial,BCB SGS 7849
2011-03-31,64.22,2578899.00,4015980.3,oficial,BCB SGS 7849
2011-04-29,61.77,2507177.00,4058938.8,oficial,BCB SGS 7849
2011-05-31,59.60,2450241.00,4111274.5,oficial,BCB SGS 7849
2011-06-30,58.40,2428681.00,4158547.4,oficial,BCB SGS 7849
2011-07-29,55.13,2313856.00,4196996.1,oficial,BCB SGS 7849
2011-08-31,52.65,2232086.00,4239492.6,oficial,BCB SGS 7849
2011-09-30,50.10,2140702.00,4272946.9,oficial,BCB SGS 7849
2011-10-31,53.18,2289826.00,4305775.6,oficial,BCB SGS 7849
2011-11-30,52.20,2264952.00,4338880.2,oficial,BCB SGS 7849
2011-12-29,52.43,2294410.00,4376382.0,oficial,BCB SGS 7849
2012-01-31,55.33,2441912.00,4412978.2,oficial,BCB SGS 7849
2012-02-29,57.25,2546571.00,4448189.5,oficial,BCB SGS 7849
2012-03-30,57.02,2559962.00,4489325.5,oficial,BCB SGS 7849
2012-04-30,54.83,2478561.00,4520600.5,oficial,BCB SGS 7849
2012-05-31,50.15,2283972.00,4554181.4,oficial,BCB SGS 7849
2012-06-29,50.19,2301690.00,4585738.9,oficial,BCB SGS 7849
2012-07-31,50.97,2358750.00,4627422.6,oficial,BCB SGS 7849
2012-08-31,50.58,2362805.00,4671301.8,oficial,BCB SGS 7849
2012-09-28,51.40,2417595.00,4703853.5,oficial,BCB SGS 7849
2012-10-31,49.85,2368787.00,4751486.1,oficial,BCB SGS 7849
2012-11-30,50.46,2415318.00,4786564.5,oficial,BCB SGS 7849
2012-12-28,52.43,2524293.00,4814760.0,oficial,BCB SGS 7849
2013-01-31,51.71,2512971.00,4859466.4,oficial,BCB SGS 7849
2013-02-28,50.35,2461940.00,4890026.1,oficial,BCB SGS 7849
2013-03-28,49.84,2455350.00,4926899.5,oficial,BCB SGS 7849
2013-04-30,49.91,2489279.00,4987524.9,oficial,BCB SGS 7849
2013-05-31,48.97,2461716.00,5026983.1,oficial,BCB SGS 7849
2013-06-28,44.50,2254660.00,5066353.9,oficial,BCB SGS 7849
2013-07-31,45.03,2300949.00,5109922.0,oficial,BCB SGS 7849
2013-08-30,44.79,2304562.00,5144955.0,oficial,BCB SGS 7849
2013-09-30,46.54,2415569.00,5190039.1,oficial,BCB SGS 7849
2013-10-31,48.31,2528633.00,5234360.5,oficial,BCB SGS 7849
2013-11-29,46.95,2478006.00,5278061.8,oficial,BCB SGS 7849
2013-12-30,45.28,2414219.00,5331619.0,oficial,BCB SGS 7849
2014-01-31,41.16,2212689.00,5375997.1,oficial,BCB SGS 7849
2014-02-28,40.55,2202999.00,5433414.7,oficial,BCB SGS 7849
2014-03-31,42.39,2321386.00,5475986.4,oficial,BCB SGS 7849
2014-04-30,43.00,2368926.00,5509208.1,oficial,BCB SGS 7849
2014-05-30,42.48,2357252.00,5549159.5,oficial,BCB SGS 7849
2014-06-30,43.62,2432274.00,5575728.2,oficial,BCB SGS 7849
2014-07-31,44.53,2498242.00,5610007.8,oficial,BCB SGS 7849
2014-08-29,47.91,2701911.00,5640000.2,oficial,BCB SGS 7849
2014-09-30,42.86,2436275.00,5683719.6,oficial,BCB SGS 7849
2014-10-31,42.44,2426138.00,5717078.7,oficial,BCB SGS 7849
2014-11-28,42.37,2434411.00,5745311.0,oficial,BCB SGS 7849
2014-12-30,38.82,2243240.00,5778953.0,oficial,BCB SGS 7849
2015-01-30,36.72,2129953.00,5800284.9,oficial,BCB SGS 7849
2015-02-27,38.95,2263581.00,5811743.1,oficial,BCB SGS 7849
2015-03-31,38.55,2255261.00,5849630.6,oficial,BCB SGS 7849
2015-04-30,41.75,2449764.00,5867038.5,oficial,BCB SGS 7849
2015-05-29,39.71,2334378.00,5877986.5,oficial,BCB SGS 7849
2015-06-30,40.05,2366127.00,5907278.6,oficial,BCB SGS 7849
2015-07-31,38.59,2287227.00,5927677.3,oficial,BCB SGS 7849
2015-08-31,35.52,2111811.00,5945128.5,oficial,BCB SGS 7849
2015-09-30,34.14,2032561.00,5953381.4,oficial,BCB SGS 7849
2015-10-30,34.51,2058616.00,5965646.1,oficial,BCB SGS 7849
2015-11-30,33.98,2032368.00,5981205.9,oficial,BCB SGS 7849
2015-12-30,31.89,1912053.00,5995787.0,oficial,BCB SGS 7849
2016-01-29,30.04,1803381.00,6003691.7,oficial,BCB SGS 7849
2016-02-29,30.97,1866321.00,6026885.8,oficial,BCB SGS 7849
2016-03-31,35.14,2122552.00,6039427.2,oficial,BCB SGS 7849
2016-04-29,37.29,2260894.00,6063043.2,oficial,BCB SGS 7849
2016-05-31,34.17,2079864.00,6087018.4,oficial,BCB SGS 7849
2016-06-30,35.58,2176958.00,6118507.6,oficial,BCB SGS 7849
2016-07-29,39.20,2404370.00,6133668.3,oficial,BCB SGS 7849
2016-08-31,39.51,2434891.00,6162963.3,oficial,BCB SGS 7849
2016-09-30,39.56,2447458.00,6187449.8,oficial,BCB SGS 7849
2016-10-31,42.78,2654967.00,6205943.5,oficial,BCB SGS 7849
2016-11-30,40.57,2530343.00,6237520.5,oficial,BCB SGS 7849
2016-12-29,39.35,2467008.00,6269328.0,oficial,BCB SGS 7849
2017-01-31,41.71,2628133.00,6301481.4,oficial,BCB SGS 7849
2017-02-24,43.80,2768676.00,6321660.2,oficial,BCB SGS 7849
2017-03-31,41.76,2653885.00,6354702.5,oficial,BCB SGS 7849
2017-04-28,42.12,2683418.00,6371417.1,oficial,BCB SGS 7849
2017-05-31,40.43,2589646.00,6405774.3,oficial,BCB SGS 7849
2017-06-30,40.12,2578092.00,6426381.9,oficial,BCB SGS 7849
2017-07-31,42.54,2745243.00,6452589.6,oficial,BCB SGS 7849
2017-08-31,45.35,2937558.00,6478036.9,oficial,BCB SGS 7849
2017-09-29,47.24,3069632.00,6497846.7,oficial,BCB SGS 7849
2017-10-31,47.42,3094930.00,6526520.0,oficial,BCB SGS 7849
2017-11-30,45.63,2991105.00,6554654.9,oficial,BCB SGS 7849
2017-12-29,48.00,3160970.00,6585479.0,oficial,BCB SGS 7849
2018-01-31,52.54,3480517.00,6623989.8,oficial,BCB SGS 7849
2018-02-28,52.60,3499516.00,6653335.9,oficial,BCB SGS 7849
2018-03-29,53.02,3542551.00,6681888.7,oficial,BCB SGS 7849
2018-04-30,53.04,3570309.00,6731624.4,oficial,BCB SGS 7849
2018-05-30,47.48,3201680.00,6743393.8,oficial,BCB SGS 7849
2018-06-29,44.74,3036028.00,6785258.1,oficial,BCB SGS 7849
2018-07-31,47.98,3276737.00,6829192.3,oficial,BCB SGS 7849
2018-08-31,46.69,3208716.00,6872316.7,oficial,BCB SGS 7849
2018-09-28,46.82,3232668.00,6904478.5,oficial,BCB SGS 7849
2018-10-31,50.83,3531664.00,6948135.2,oficial,BCB SGS 7849
2018-11-30,51.77,3614242.74,6981888.7,estimado,Interpolado pelo Ibovespa (anomalia na fonte)
2018-12-28,50.65,3547526.77,7004141.0,estimado,Interpolado pelo Ibovespa (anomalia na fonte)
2019-01-31,55.90,3929700.13,7029942.8,estimado,Interpolado pelo Ibovespa (anomalia na fonte)
2019-02-28,54.55,3855126.00,7066917.0,oficial,BCB SGS 7849
2019-03-29,54.09,3829349.00,7079611.5,oficial,BCB SGS 7849
2019-04-30,54.21,3851595.00,7105565.0,oficial,BCB SGS 7849
2019-05-31,54.18,3879055.00,7159335.8,oficial,BCB SGS 7849
2019-06-28,56.02,4018074.00,7172273.7,oficial,BCB SGS 7849
2019-07-31,57.21,4126301.00,7212076.5,oficial,BCB SGS 7849
2019-08-30,57.03,4131206.00,7243327.0,oficial,BCB SGS 7849
2019-09-30,58.88,4289680.14,7285028.2,estimado,Interpolado pelo Ibovespa entre âncoras anuais
2019-10-31,60.12,4402340.70,7322259.3,estimado,Interpolado pelo Ibovespa entre âncoras anuais
2019-11-29,60.60,4455370.04,7352396.1,estimado,Interpolado pelo Ibovespa entre âncoras anuais
2019-12-30,64.77,4785898.76,7389131.0,oficial,Banco Mundial/WFE × PTAX de 31/dez
2020-01-31,63.46,4711536.89,7424880.4,estimado,Interpolado pelo Ibovespa entre âncoras anuais
2020-02-28,57.99,4329612.93,7466684.0,estimado,Interpolado pelo Ibovespa entre âncoras anuais
2020-03-31,40.61,3045571.31,7499672.0,estimado,Interpolado pelo Ibovespa entre âncoras anuais
2020-04-30,45.20,3369644.36,7454827.4,estimado,Interpolado pelo Ibovespa entre âncoras anuais
2020-05-29,49.51,3671225.25,7415522.5,estimado,Interpolado pelo Ibovespa entre âncoras anuais
2020-06-30,53.96,4006757.90,7425634.4,estimado,Interpolado pelo Ibovespa entre âncoras anuais
2020-07-31,58.53,4353198.39,7437351.1,estimado,Interpolado pelo Ibovespa entre âncoras anuais
2020-08-31,56.66,4218152.10,7444266.8,estimado,Interpolado pelo Ibovespa entre âncoras anuais
2020-09-30,53.92,4030000.49,7474347.6,estimado,Interpolado pelo Ibovespa entre âncoras anuais
2020-10-30,53.56,4016382.76,7499155.2,estimado,Interpolado pelo Ibovespa entre âncoras anuais
2020-11-30,61.94,4671302.16,7541255.7,estimado,Interpolado pelo Ibovespa entre âncoras anuais
2020-12-30,67.50,5136284.83,7609597.0,oficial,Banco Mundial/WFE × PTAX de 31/dez
2021-01-29,65.12,4997957.31,7674686.9,estimado,Interpolado pelo Ibovespa entre âncoras anuais
2021-02-26,61.11,4744175.28,7763363.2,estimado,Interpolado pelo Ibovespa entre âncoras anuais
2021-03-31,63.72,5032416.54,7898172.6,estimado,Interpolado pelo Ibovespa entre âncoras anuais
2021-04-30,63.63,5133728.32,8067579.7,estimado,Interpolado pelo Ibovespa entre âncoras anuais
2021-05-31,66.33,5453921.56,8222328.3,estimado,Interpolado pelo Ibovespa entre âncoras anuais
2021-06-30,65.68,5483301.31,8349087.7,estimado,Interpolado pelo Ibovespa entre âncoras anuais
2021-07-30,62.23,5270943.90,8470674.9,estimado,Interpolado pelo Ibovespa entre âncoras anuais
2021-08-31,59.81,5144060.28,8601151.3,estimado,Interpolado pelo Ibovespa entre âncoras anuais
2021-09-30,55.19,4809737.91,8715615.4,estimado,Interpolado pelo Ibovespa entre âncoras anuais
2021-10-29,50.93,4488969.79,8814074.2,estimado,Interpolado pelo Ibovespa entre âncoras anuais
2021-11-30,49.58,4423456.67,8922512.6,estimado,Interpolado pelo Ibovespa entre âncoras anuais
2021-12-30,50.52,4552999.92,9012142.0,oficial,Banco Mundial/WFE × PTAX de 31/dez
2022-01-31,53.27,4824057.39,9056141.2,estimado,Interpolado pelo Ibovespa entre âncoras anuais
2022-02-25,52.72,4799143.07,9102457.1,estimado,Interpolado pelo Ibovespa entre âncoras anuais
2022-03-31,54.82,5029963.05,9175000.0,estimado,Interpolado pelo Ibovespa entre âncoras anuais
2022-04-29,48.21,4468474.91,9269501.5,estimado,Interpolado pelo Ibovespa entre âncoras anuais
2022-05-31,48.59,4558016.92,9379791.0,estimado,Interpolado pelo Ibovespa entre âncoras anuais
2022-06-30,42.01,3986121.26,9488842.7,estimado,Interpolado pelo Ibovespa entre âncoras anuais
2022-07-29,42.99,4123906.77,9592322.0,estimado,Interpolado pelo Ibovespa entre âncoras anuais
2022-08-31,44.61,4326424.30,9698584.4,estimado,Interpolado pelo Ibovespa entre âncoras anuais
2022-09-30,43.86,4295461.61,9794173.6,estimado,Interpolado pelo Ibovespa entre âncoras anuais
2022-10-31,45.21,4476255.98,9902055.0,estimado,Interpolado pelo Ibovespa entre âncoras anuais
2022-11-30,42.90,4288093.22,9994588.6,estimado,Interpolado pelo Ibovespa entre âncoras anuais
2022-12-29,41.12,4145034.28,10079676.7,oficial,Banco Mundial/WFE × PTAX de 31/dez
2023-01-31,41.88,4258419.72,10167562.1,estimado,Interpolado pelo Ibovespa entre âncoras anuais
2023-02-28,38.25,3918819.27,10244080.3,estimado,Interpolado pelo Ibovespa entre âncoras anuais
2023-03-31,36.63,3788452.58,10341166.6,estimado,Interpolado pelo Ibovespa entre âncoras anuais
2023-04-28,37.11,3866474.04,10418737.9,estimado,Interpolado pelo Ibovespa entre âncoras anuais
2023-05-31,38.07,3993626.08,10489360.7,estimado,Interpolado pelo Ibovespa entre âncoras anuais
2023-06-30,41.08,4334288.45,10551265.0,estimado,Interpolado pelo Ibovespa entre âncoras anuais
2023-07-31,42.03,4456456.85,10603583.9,estimado,Interpolado pelo Ibovespa entre âncoras anuais
2023-08-31,39.50,4211539.93,10662045.9,estimado,Interpolado pelo Ibovespa entre âncoras anuais
2023-09-29,39.40,4223137.45,10719528.5,estimado,Interpolado pelo Ibovespa entre âncoras anuais
2023-10-31,37.82,4081461.33,10792351.1,estimado,Interpolado pelo Ibovespa entre âncoras anuais
2023-11-30,42.06,4573360.29,10873219.0,estimado,Interpolado pelo Ibovespa entre âncoras anuais
2023-12-28,43.85,4798686.15,10943344.7,oficial,Banco Mundial/WFE × PTAX de 31/dez
2024-01-31,41.26,4548562.24,11023392.5,estimado,Interpolado pelo Ibovespa entre âncoras anuais
2024-02-29,41.22,4573529.97,11096588.0,estimado,Interpolado pelo Ibovespa entre âncoras anuais
2024-03-28,40.63,4521182.31,11127159.3,estimado,Interpolado pelo Ibovespa entre âncoras anuais
2024-04-30,39.47,4424651.99,11210438.2,estimado,Interpolado pelo Ibovespa entre âncoras anuais
2024-05-31,37.92,4271370.21,11263809.1,estimado,Interpolado pelo Ibovespa entre âncoras anuais
2024-06-28,38.08,4315613.71,11334338.1,estimado,Interpolado pelo Ibovespa entre âncoras anuais
2024-07-31,38.72,4426519.72,11431487.5,estimado,Interpolado pelo Ibovespa entre âncoras anuais
2024-08-30,40.82,4695420.80,11502878.6,estimado,Interpolado pelo Ibovespa entre âncoras anuais
2024-09-30,39.12,4530843.11,11580828.6,estimado,Interpolado pelo Ibovespa entre âncoras anuais
2024-10-31,38.03,4438972.52,11672861.7,estimado,Interpolado pelo Ibovespa entre âncoras anuais
2024-11-29,36.50,4281655.43,11730543.7,estimado,Interpolado pelo Ibovespa entre âncoras anuais
2024-12-30,34.64,4080179.97,11779250.6,oficial,Banco Mundial/WFE × PTAX de 31/dez
2025-01-31,35.73,4232268.12,11845623.9,estimado,Interpolado pelo Ibovespa entre âncoras anuais
2025-02-28,34.14,4075631.27,11937003.9,estimado,Interpolado pelo Ibovespa entre âncoras anuais
2025-03-31,35.52,4276353.74,12039140.8,estimado,Interpolado pelo Ibovespa entre âncoras anuais
2025-04-30,36.15,4386057.25,12133186.0,estimado,Interpolado pelo Ibovespa entre âncoras anuais
2025-05-30,35.99,4401428.84,12229797.7,estimado,Interpolado pelo Ibovespa entre âncoras anuais
2025-06-30,35.85,4411756.68,12304727.1,estimado,Interpolado pelo Ibovespa entre âncoras anuais
2025-07-31,33.78,4182114.73,12381096.4,estimado,Interpolado pelo Ibovespa entre âncoras anuais
2025-08-29,35.33,4396347.27,12443552.8,estimado,Interpolado pelo Ibovespa entre âncoras anuais
2025-09-30,35.90,4496708.95,12524498.7,estimado,Interpolado pelo Ibovespa entre âncoras anuais
2025-10-31,36.13,4548386.68,12589120.0,estimado,Interpolado pelo Ibovespa entre âncoras anuais
2025-11-28,37.82,4785818.65,12653979.4,estimado,Interpolado pelo Ibovespa entre âncoras anuais
2025-12-30,37.64,4794992.36,12738565.6,oficial,Banco Mundial/WFE × PTAX de 31/dez
2026-01-30,41.88,5364500.49,12808146.6,estimado,Interpolado pelo Ibovespa entre âncoras anuais
2026-02-27,43.15,5550134.44,12863521.3,estimado,Interpolado pelo Ibovespa entre âncoras anuais
2026-03-31,42.25,5477695.40,12964821.6,estimado,Interpolado pelo Ibovespa entre âncoras anuais
2026-04-30,41.73,5440231.22,13037854.0,estimado,Interpolado pelo Ibovespa entre âncoras anuais
2026-05-29,38.27,5016615.85,13106921.2,estimado,Interpolado pelo Ibovespa entre âncoras anuais
2026-06-30,37.42,4935524.56,13190204.2,estimado,Interpolado pelo Ibovespa entre âncoras anuais
2026-07-31,38.28,5075923.31,13258459.8,oficial,B3 (TOTAL GERAL)
2026-08-31,37.51,5004655.12,13342452.6,oficial,B3 (TOTAL GERAL)
2026-09-30,39.29,5242885.56,13342452.6,oficial,B3 (TOTAL GERAL)
2026-10-06,43.30,5777520.05,13342452.6,oficial,B3 (TOTAL GERAL)
